name	count
—	71
(Dca	1
(Nc	7
(Nc)	2
(Ncpc	1
(Sc	22
(Sc)	6
(Va	22
2nd	1
a	85
A.	6
A001	1
A041	1
Aaron	2
Abbey	1
Abe	3
Abraham	8
Absent	1
Abuse	2
Academies	1
Academy	22
Access	6
Account	6
Accountability	13
Accounting	1
Aces	1
Acquisition	6
Act	348
Action	4
Activities	5
Acworth	1
Adam	1
Adams	9
Address	3
Aderholt	8
Adjournment	2
Adjusted	2
Administration	94
Administration-General	1
Administrations	2
Administrative	4
Administrator	15
Adrian	2
Advanced	2
Advantage	4
Advisers	1
Advisors	1
Advisory	28
Advocacy	1
Advocate	1
Aeronautics	1
Affair	1
Affairs	85
Affairs-Departmental	1
Affordable	25
Afghanistan	7
Afridi	2
Agencies	5
Agency	24
Agency-Energy	1
Agenda	1
Agent	2
Aginst	1
Agreed	1839
Agreement	3
Agricola	1
Agricultural	5
Agriculture	16
Agriculture--Forest	1
Aguilar	7
Aid	1
Air	17
Aircraft	1
Aircrew	1
Airport	5
Airway	2
Ak)	11
Al	37
Alabama	1
Alan	8
Alaska	7
Alcohol	1
Alert	1
Alexander	2
Alioto	1
Allegiance	302
Allen	3
Allison	2
Almanza	2
Alternative	1
Amanda	1
Amash	8
Amendment	55
America	17
American	14
Americans	3
Americus	1
Amodei	2
Amtrak	9
Analysis	4
Anchorage	1
Anderson-Lee	2
Andrew	3
Andy	8
Angeles	4
Anglican	1
Ann	2
Announcement	1
Annual	1
Anthony	3
Antidiscrimination	2
Antigua	1
Apache	1
Application	1
Appointment	12
Appointments	2
Appraised	1
Appropriations	30
Approval	35
Apr	6
April	47
Arapaho	2
Arboretum	1
Archdiocese	1
Archers	1
Architect	1
Archives	1
Archivist	1
Arctic	1
Area	7
Areas	1
Arizona	4
Arkansas	3
Arlington	1
Armed	17
Arms	1
Army	18
Arpa-E.	1
Article	1
Arts	5
Ashford	5
Ashmawy	1
Ashraf	3
Assault	1
Assembly	4
Assessment	1
Asset	1
Assistance	16
Assistant	7
Association	1
Assyrian	1
Atlantic	2
Atmospheric	2
Atomic	2
Attack	6
Attorney	6
August	9
Augustine	1
Austin	8
Authority	9
Authorization	10
Authorizes	2
Authorizing	1
Availability	1
Avenue	6
Aviation	2
Awa	1
Award	4
Awardee	4
Az	5
Az)	2
Azov	1
b	305
B.	16
Babin	13
Backlog	1
Badillo	1
Baga	1
Baird	1
Balanced	3
Balart	1
Band	3
Bank	16
Baptist	8
Barbara	6
Barletta	12
Barnes	2
Barry	1
Barton	11
Bass	5
Bat	1
Batf	4
Battalion	1
Bay	9
Bayside	1
Bb	1
Bean	1
Bear	1
Beatty	3
Becerra	10
Beetle	1
Belarus	2
Belinda	2
Belmont	2
Beloved	1
Ben	3
Benefit	1
Benefits	4
Benghazi	6
Benishek	12
Benjamin	3
Bera	2
Bermuda	1
Bernice	1
Bethel	1
Beutler	2
Beyer	34
Bezet	1
Bhanu	1
Bible	1
Biden	1
Biggert	2
Bilirakis	1
Bill	14
Billy	2
Binyamin	1
Birchfield	1
Bird	5
Bishop	24
Black	19
Blackburn	35
Blake	3
Blecker	1
Blom	1
Bloody	2
Blue	1
Blumenauer	21
Board	74
Bob	2
Boehner	9
Bohlman	1
Bonamici	27
Booth	1
Bordallo	1
Border	7
Bost	2
Boulevard	1
Boustany	6
Bowling	1
Box	1
Boyle	1
Bpar	1
Bradenton	1
Bradley	3
Brady	16
Brady(	1
Branch	2
Brat	5
Brehm	1
Brentwood	1
Brewington	1
Brian	1
Bridenstine	11
Bridge	2
Brigadier	1
British-American	3
Brondon	1
Bronx	1
Brookes	1
Brooks	26
Brown	12
Brownley	24
Brownsville	1
Bruce	2
Bryan	1
Bryson	1
Buchanan	3
Buck	14
Bucshon	1
Bud	2
Buddy	4
Budget	23
Building	11
Buildings	1
Burbank	1
Bureau	31
Burgess	34
Burma	2
Burundi	2
Burying	1
Bus	1
Business	134
Busniess	1
Bustos	6
Butterfield	10
By	3
Byrne	24
c	30
C.	2
C.f.r.	1
Ca	60
Ca.	5
Cable	1
Calendar	3
California	40
Call	8
Calvary	1
Calvert	22
Camens	1
Camp	1
Campaign	1
Canada-U.s.	1
Canada-United	1
Cannon	1
Cape	1
Capital	15
Capitol	27
Capps	21
Capture	1
Capuano	1
Car	1
Cara	1
Carbon	5
Card	1
Carden	1
Cardenas	3
Care	37
Cargo	1
Carl	3
Carlos	4
Carney	2
Carolina	9
Carolyn	1
Carrier	2
Carriers	1
Carson	8
Carson(	1
Carter	18
Cartwright	20
Cash	2
Cassidy	8
Castillo	1
Castor	17
Castor(Fl	2
Castro	26
Castro(	2
Catcher	1
Cathedral	1
Catholic	6
Cathy	2
Caucus	8
Caulk	2
Cayman	1
Cbc	1
Cdc	1
Cedar	1
Ceiling	2
Cell	1
Census	2
Censuses	2
Centennial	1
Center	25
Centers	4
Central	25
Ceremony	1
Certainity	1
Certificates	1
Certification	1
Cfpb	3
Cfr	2
Chabot	17
Chaffetz	21
Chair	1382
Chairman	54
Chairwoman	1
Chaka	1
Challenge	1
Chamber	5
Chandra	1
Channel	1
Chapel	1
Chaplain	122
Charge	1
Charlene	1
Charles	7
Charleston	2
Chattanooga	1
Chenault	1
Cheney	1
Chesapeake	1
Chesterfield	2
Chicago	3
Chicken	2
Chief	14
Child	3
Children	2
Childs	1
China	15
Chioce	1
Chisholm	1
Choice	5
Chokepoint	1
Chris	3
Christ	2
Christopher	1
Chu	3
Chuck	5
Church	35
Cia	1
Cicilline	13
Circuit	1
Cities	2
City	4
Civil	7
Clarifi	1
Clark	4
Clark(Ma	1
Class	3
Classification	1
Claude	1
Claudio	1
Clause	99
Clawson	11
Clawson(Fl	2
Clean	8
Clearwater	1
Cleaver	3
Cleburne	1
Clemency	1
Clerk	244
Cleveland	1
Climate	5
Clinic	1
Clinton	1
Cloer	1
Closures	1
Clubshell	1
Clyburn	2
Cmdr	2
Co	3
Co-Chair	1
Co-Chairman	1
Co.	2
Coal	1
Coast	6
Code	152
Coffman	3
Cohen	19
Cole	11
Coleman	3
Collection	1
College	1
Colleges	2
Collins	28
Colloquy	10
Colonel	1
Colorado	8
Columbia	12
Columbus	2
Combat	3
Commerce	31
Commercial	1
Commission	76
Commissioner	4
Committee	1532
Committeee	2
Committees	1
Commodity	8
Common	1
Commonwealth	2
Communications	7
Community	19
Compensation	1
Competes	2
Competitive	2
Compliance	6
Comprehensive	3
Comptroller	3
Computer	1
Computing	1
Comstock	14
Con	111
Conaway	13
Concerning	1
Concur	1
Conferees	1
Conference	13
Congestion	2
Congo	1
Congress	114
Congressional	67
Congressional-Executive	1
Congressman	1
Congresswomen	1
Connecticut	2
Connie	1
Connolly	24
Conroy	96
Consent	2
Consent_request	1
Conservation	11
Consideration	3
Consolidated	1
Consortium	1
Constituent	1
Constitution	7
Construction	3
Consumer	17
Continental	2
Contingency	5
Continuing	2
Continuum	1
Contract	1
Control	18
Controlled	3
Controls	1
Convention	1
Conventions	1
Conyers	8
Cook	3
Cooper	4
Cooperation	9
Coordinator	1
Coos	1
Core	2
Cornell	1
Corp	1
Corporation	13
Corps	12
Correa-Torres	1
Correct	1
Correction	1
Correspondent	1
Corridor	5
Cosgrove	1
Cosmetic	2
Cost	1
Costa	5
Costello	6
Cotton	1
Coughlin	1
Council	22
Counsel	27
Counties	1
County	7
Court	39
Courthouse	3
Courtney	4
Craig	2
Cramer	6
Crawford	16
Creating	1
Creation	4
Credit	2
Creek	2
Crenshaw	4
Cresent	3
Criminal	2
Cross	1
Crowley	9
Crumpton	1
Csa	1
Ct	1
Ct)	1
Cuba	8
Cuellar	3
Culberson	12
Cultural	1
Culture	2
Cummings	11
Cummins	1
Curbelo	11
Cures	1
Current	2
Curry	2
Customs	5
Cyber	2
Cybercorps	3
Cybersecurity	1
Cycle	1
Czech	1
d	10
D.	10
D.c.	2
D'augustine	1
Daca	1
Damage	1
Dan	7
Dance	1
Daniel	6
Darin	4
Daryl	1
Data	1
David	20
Davis	21
Davis-Bacon	2
Davis(Il	1
Dayne	1
Dc	15
Dea	4
Dean	7
Debate	605
Debt	5
Dec.	2
December	24
Decision	1
Decorum	1
Defazio	9
Defense	51
Defense-Wide	25
Deficit	3
Definition	1
Degette	1
Dejean	2
Del	2
Delaney	12
Delauro	5
Delbene	12
Delbert	1
Delegate	1
Delegates	1
Delegation	3
Delinquency	1
Delivery	1
Delta	1
Demand	5
Democracy	4
Democratic	1
Demonstration	2
Denham	23
Dennis	1
Density	1
Dent	17
Denver	3
Deny	1
Department	152
Departmental	20
Departments	10
Deposit	3
Dept	2
Deputy	5
Derby	1
Des	2
Desantis	10
Desaulnier	21
Desert	1
Design	1
Designation	1
Detectives	1
Detention	1
Deterrence	1
Deterrent	3
Dethomas	2
Deutch	6
Developement	1
Development	35
Development-	1
Development-Home	1
Development-Pursuant	1
Device	1
Devin	1
Dhs	7
Diane	2
Diaz	1
Diaz-Balart	23
Dick	1
Diego	2
Dietz	1
Dingell	18
Diocese	3
Directive	1
Director	25
Directors	1
Directory	1
Disabilities	1
Disability	4
Disallowed	1
Discharge	2
Discriminatory	1
Disposal	4
Dissolved	5
District	85
Districts	1
Division	3
Dna	2
Dni	2
Document	1
Dod	2
Dodd-Frank	5
Doe	2
Dog	1
Doj	5
Dol	1
Dol.	1
Dold	21
Dolores	1
Domain	1
Dominic	1
Dominican	2
Donn	1
Donovan	4
Doolittle	1
Dot	1
Doug	2
Douglas	1
Dove	1
Dr.	15
Draft	4
Drinking	4
Drive	1
Driver	1
Drug	6
Duckworth	2
Duffy	5
Duluth	2
Duncan	21
Dungeness	1
Dunmore	1
e	2
e-Passenger	1
E.	12
E.b.	8
Eagan	1
Eagen	1
Eared	1
Earl	4
East	8
Eastern	9
Ecomomic	1
Economic	11
Economist	1
Ecosystem	1
Ed	3
Eddie	1
Education	19
Educational	1
Edward	1
Edwards	28
Effects	1
Efficiency	10
Eighteenth	3
Einstein	1
Eisenhower	3
Eisner	1
El	2
Elderly	1
Eleanor	1
Electing	4
Election	9
Elections	2
Electric	8
Electricity	1
Electronic	2
Elementary	2
Eleventh	2
Elias	1
Elijah	1
Elimination	1
Elk	1
Elkhorn	1
Ellison	33
Ellmers	8
Elmwood	2
Emancipation	10
Emanuel	1
Emergency	4
Emerging	1
Emet	1
Emily	1
Emission	3
Emissions	5
Emmer	13
Employee	3
Employment	3
Endangered	7
Energy	93
Energystar	1
Enforcement	8
Enforcment	1
Engagement	1
Engel	13
Engineers	7
English	5
Engrossment	2
Enhanced	1
Entry	2
Environment	1
Environmental	43
Epa	25
Epa-State	1
Epa.	1
Epiphany	1
Episcopal	1
Equal	7
Equip	3
Equipment	1
Er	1
Esa	2
Escort	4
Esea	1
Estate	5
Estuary	1
Esty	26
et	1
Ethics	6
Ethnic	1
Eu	1
Eugene	1
Europe	10
Evaluation	5
Evan	2
Evasion	1
Everglades	1
Evers	1
Ex/Im	1
Examination	1
Excellence	1
Excellency	9
Exchange	16
Executive	20
Exhibition	2
Expedited	1
Expiring	1
Explosive	1
Export	4
Export-Import	11
Exporting	1
Express	1
Extension	2
External	1
f	2
F.	3
Faa	11
Facilities	7
Failed	1
Fair	14
Fairfax	1
Fairfield	1
Fallen	1
Falls	1
Family	2
Fan	1
Fannie	1
Fans	1
Fanshell	1
Farenthold	10
Farewell	1
Faro	1
Farr	11
Fast	1
Fattah	11
Fbi	3
Fda	3
Feb	1
Feb.	3
February	57
Fed	3
Federal	159
Federal-Aid	9
Federally	1
Federation	5
Ferc	3
Ferguson	1
Field	2
Fifth	2
Fighter	1
File	2
Filing	1
Final	1
Financial	22
Fincher	4
Fire	4
Firearms	1
Firefighters	1
First	22
Fiscal	3
Fish	6
Fisher	3
Fishery	8
Fitzpatrick	15
Five-Minute	1
Fl	86
Flag	152
Flammable	1
Flanagan	1
Fleet	4
Fleischmann	8
Fleming	2
Flexibility	3
Flood	2
Flores	10
Floresville	2
Florida	13
Floyd	1
Fmcsa	2
Foia	2
Fomc	1
Food	5
Foot	2
Forbes	12
Force	12
Forced-Air	1
Forces	11
Foreign	22
Forensics	1
Forest	20
Forestry	1
Forfeiture	1
Form	3
Fort	1
Fortenberry	5
Fossil	6
Foster	14
Foundation	12
Fountain	1
Fourteenth	14
Foxx	35
Fra	1
France	3
Francis	3
Francisco	2
Frank	3
Frankel	4
Franks	8
Fred	3
Freddie	1
Frederica	1
Freedom	4
Freight	2
Frelinghuysen	13
French	1
Friday	27
Friedman	1
From	2
Frontline	1
Ft.morgan	1
Fta	1
Fudge	4
Fukushima	1
Fund	32
Funding	2
Funds	3
Funeral	1
Furnaces	1
Further	2
Furthering	1
Fusion	1
Future-Years	2
Futures	6
Fy	12
g	3
G.	4
Ga	86
Gabriela	1
Gade	1
Galanti	1
Gallego	16
Gaming	1
Gao	9
Garamendi	44
Garret	7
Garrett	18
Gas	12
Gast	1
Gate	1
Gates	1
Gateways	1
Gdp	2
Gene	5
General	109
Generalized	3
Generating	7
Genevieve	1
George	7
Georgia	5
Gerhard	1
Ghani	3
Gibbs	6
Gibson	3
Gift	1
Gilbertsville	1
Gilmore	2
Glenn	2
Glfer	1
Global	1
Goethals	1
Gohmert	31
Gold	7
Golden	1
Gooden	2
Goodlate	1
Goodlatte	38
Gosar	107
Goss	2
Governing	1
Government	31
Governor	1
Governors	6
Gowdy	2
Grace	1
Graduated	1
Grain	1
Gramm-Leach-Bliley	1
Granger	1
Grant	7
Grants	14
Grasso	1
Graves	19
Gravois	1
Grayson	66
Great	1
Greater	1
Green	13
Greene	2
Greenhouse	6
Gregory	1
Griffith	12
Grijalva	38
Grimm	1
Grisham	14
Grogan	1
Gross	1
Grothman	23
Grounds	7
Group	18
Grove	3
Growth	1
Gsa	2
Gtmo	1
Guantanamo	8
Guard	10
Guest	18
Gugliotta	2
Guidance	1
Guidelines	3
Guinta	18
Gulf	5
Guthrie	6
Gutierrez	2
H.	1533
H.j.	16
H.r.	1365
Haas	3
Hahn	10
Hair	2
Haiti	2
Hall	12
Hammond	1
Hampton	2
Hanna	5
Hardy	10
Harper	9
Harris	10
Harry	3
Hartzler	8
Harvest	1
Hashemite	1
Hastings	7
Hatchery	3
Hattiesburg	1
Hawaii	1
Hayward	2
Hazard	1
Hazardous	2
Hbcu	1
Health	36
Healthy	2
Heaters	2
Heber	1
Heck	20
Heck(	1
Hector	1
Heiar	1
Helen	1
Helena	3
Helsinki	2
Hemp	1
Hensarling	15
Herb	1
Herman	1
Herndon	1
Herrera	2
Herrera-Beutler	1
Hezbollah	2
Hice	7
Higgins	3
High	2
High-End	1
High-Hazard	1
High-Speed	2
Higher	1
Highway	20
Highways	1
Hill	9
Himes	3
Historic	6
Historical	1
Historically	2
History	3
Holding	7
Holiness	1
Hollen	16
Holloway	1
Holmes	1
Holocaust	2
Holy	3
Holzwarth	1
Home	2
Homeland	81
Homeless	2
Homeownership	1
Homer	1
Homes	1
Hon	2
Honda	1
Honor	4
Honorable	234
Hope	2
Hosemann	1
Hostage	1
Hour	8
Hours	1
House	3873
Housing	32
Houston	1
Hov	1
Howard	3
Hoyer	13
Hr	1
Hubs	1
Hudson	15
Huffman	26
Huizenga	15
Hultgren	21
Human	6
Humanities	1
Hundred	13
Hunter	15
Huntsville	1
Hurd	15
Hurda	2
Hurt	4
Hvc-304	1
Hydronic	1
i-14	1
i-Corps	1
Ia	36
Icbm	1
Idaho	2
Ig	2
Ii	112
Iii	4
Il	2
Il.	2
Il)	2
Ileana	2
Illinois	27
Immediate	1
Immigrant	1
Immigration	6
Impact	7
Import	1
Impoundment	1
Improvement	5
Imsi	2
In.	1
In)	4
Inc.	4
Incentive	1
Income	1
Independence	2
Independent	5
India	1
Indian	17
Indians	4
Industrial	2
Inf	1
Informally	1
Information	14
Infrastruct	1
Infrastructure	14
Infrastucture	3
Inherent	1
Initiative	4
Initiatives	1
Inland	1
Innovation	5
Insider	1
Inspector	11
Institute	3
Institution	8
Institutional	1
Institutions	3
Instruction	1
Insular	2
Insurance	10
Integration	2
Integrity	5
Intelligence	35
Intensive	1
Intent	2
Interagency	2
Intergovernmental	2
Interior	25
Internal	58
International	12
Internet	6
Interparliamentary	7
Interstate	3
Inventory	1
Investigation	3
Investigations	1
Investigative	5
Investment	11
Investments	2
Iot	1
Iowa	2
Iran	21
Iraq	12
Irrigation	1
Isil	1
Islamic	12
Island	3
Islands	3
Israel	16
Issa	9
Iv	1
Ivory	1
Ix	6
j	1
J.	121
Jack	1
Jackson	107
Jacksons	1
Jacob	1
Jacqueline	1
James	6
Jan	7
Janesville	1
January	118
Japan	3
Jason	1
Jay	1
Jean	1
Jec	1
Jeff	8
Jeffrey	1
Jeffries	12
Jenkins	3
Jerry	1
Jersey	1
Jess	1
Jessica	1
Jesuit	2
Jim	2
Jimmy	1
Job	1
Jobs	1
Jody	5
Joe	1
John	24
Johnson	56
Johnson(	5
Joint	45
Jolly	13
Jordan	3
Joseph	3
Journal	388
Jr.	18
Judge	2
Judicial	1
Judiciary	12
Judy	4
July	69
June	68
Justice	23
Juvenile	4
K.	5
Kaiserslautem	1
Kalsu	1
Kamehameha	1
Kaptur	13
Karan	2
Karen	2
Kathleen	1
Kathy	1
Katko	13
Kayla	1
Kc-10	1
Keating	16
Keefe	2
Keith	1
Kelli	2
Kelly	16
Kendrick	1
Kennedy	12
Kenny	4
Kentucky	2
Kesicki	1
Kevin	10
Keystone	2
Khalid	2
Kildee	28
Kilmer	5
King	37
Kingdom	1
Kingston	1
Kinzinger	4
Kirk	2
Kirkpatrick	5
Kits	2
Klamath	2
Kline	10
Knight	2
Kogan	1
Korea	1
Kuskokwim	1
Kuster	16
Ky	2
L.	13
L.p.	1
La	10
Labor	11
Laboratories	1
Laboratory	2
Labs	1
Laden	1
Lafayette	1
Lahood	6
Lake	2
Lakes	5
Lakeview	1
Lamalfa	40
Lamborn	23
Lance	2
Land	14
Landmark	1
Lands	1
Langevin	18
Langford	1
Lantos	4
Larry	2
Larsen	6
Larson	2
Las	1
Lassen	1
Latta	8
Law	16
Lawrence	16
Lawrenceville	1
Lead	1
Leader	26
Leadership	2
Leaderships	1
Leas	3
Leasing	7
Lebanon	2
Ledford	2
Lee	131
Legacy	1
Legal	4
Legion	1
Legislative	1
Lehman	1
Lending	12
Leon	1
Lesser	2
Letter	1
Levant	2
Levin	10
Lewis	13
Lexington	1
Lhhs	1
Liability	2
Liberty	2
Librarian	1
Library	1
Licensing	1
Lieu	6
Life	2
Light	1
Linda	4
Lipinski	4
Liquified	1
Liu	1
Loan	3
Lobiondo	6
Local	3
Locust	1
Loebsack	4
Lofgren	2
Logistics	2
Long	1
Longs	1
Loretta	3
Los	4
Loudermilk	3
Louie	2
Louis	2
Louisiana	6
Lousiana	1
Love	1
Low-Income	1
Lowenthal	31
Loyola	1
Lt	4
Lubbock	1
Lucas	5
Lucretia	1
Luetkemeyer	15
Luis	1
Lujan	17
Luke	13
Lummis	4
Lutheran	2
Lynch	11
Lynn	2
M.	12
Ma	4
Mac	6
Macarthur	7
Madera	2
Mae	1
Magnuson-Stevens	5
Mailing	4
Maintenance	25
Major	1
Majority	9
Maloney	2
Management	51
Manager	2
Manufacturing	2
Map-21	2
Mar	1
March	81
Marchant	3
Marcos	1
Margarita	1
Mariana	2
Marilyn	1
Marine	7
Marines	1
Marino	10
Maritime	1
Mark	5
Market	3
Marketing	4
Marquez	2
Martinez	1
Mary	1
Maryland	1
Massachusetts	3
Massie	28
Materials	1
Matsui	1
Maxine	15
may	70
Mbta	1
Mcallen	1
Mccarthy	43
Mccarthy(Ca	3
Mccaul	12
Mcclenney	1
Mcclintock	55
Mccollum	12
Mcdermott	2
Mcgovern	6
Mcguire	1
Mchenry	2
Mckeon	3
Mckinely	1
Mckinley	27
Mckinney-Vento	1
Mclaughlin	2
Mclean	1
Mcmorris	5
Mcnerney	20
Mcsally	12
Md	1
Meadows	3
Means	20
Medal	9
Medford	1
Medgar	1
Medicaid	3
Medical	4
Medicare	19
Medicine	2
Meehan	9
Meeks	3
Meeting	23
Meg	1
Member	23
Member-Elect	1
Members	3
Members-Elect	4
Memorandum	1
Memorandum--Federal	1
Memorandum-Federal	1
Memorial	15
Memos	1
Men	1
Meng	6
Merchant	3
Merit	1
Message	2
Messer	23
Messrs.	3
Meters	1
Methodist	2
Metroplex	1
Metropolitan	1
Mexico	7
Mexico-U.s.	1
Mexico-United	2
Mi	22
Miami	3
Mica	13
Michael	14
Michaels	1
Michelle	2
Michigan	5
Middle	2
Migratory	4
Mike	2
Military	10
Mill	1
Miller	24
Million	1
Mills	3
Milton	2
Mimi	1
Mine	2
Minimum	1
Mining	1
Minister	7
Minnesota	2
Minority	21
Minute	222
Miramar	1
Miroglio	2
Miss	3
Mission	1
Mississippi	15
Missouri	7
Mitchell	1
Mitigation	2
Mn	3
Mn)	4
Mo)	3
Model	1
Modernization	2
Modification	1
Modified	4
Mohammad	3
Mohammed	2
Moines	2
Moment	1
Monday	27
Monitor	1
Monsignor	1
Montgomery	2
Monument	1
Monuments	1
Moolenaar	3
Mooney	9
Moore	16
Morgan	1
Morning	10
Morning-Hour	252
Morongo	1
Mortgage	1
Morton	1
Moses	2
Motion	1
Motor	2
Mou	1
Moulton	11
Mr.	2107
Mrerp	1
Mrs.	120
Ms	11
Ms.	356
Mueller	1
Muir	1
Mulberry	1
Mulford	1
Mullin	18
Multifamily	1
Mulvaney	47
Mulvaney(Sc	1
Municipality	1
Munsey	1
Murphy	8
Museum	2
Musgrave	1
Myers	1
N.	1
Nadeau	2
Nadiya	1
Nadler	42
Nancy	2
Nantucket	1
Napolitano	7
Narcotics	3
Nate	1
Nation	4
National	156
Nationality	5
Nationally	1
Nations	1
Native	2
Nato	5
Natural	12
Navajo	1
Naval	12
Navy	14
Nays	367
Nc	1
Nclb	1
Ne	1
Ne.	1
Neal	7
Nebraska	1
Negro	1
Nepa	1
Nepal	3
Netanyahu	3
Network	1
Neugebauer	19
New	25
Newhouse	30
Nh)	1
Nhtsa	1
Nicklaus	1
Nih	3
Nisqually	4
Nist	1
Nj	3
Nj)	10
Nm	1
Nm.	1
Nm)	7
No.	1
Noaa	13
Noem	6
Nolan	15
Nominated	2
Non-Discrimination	2
Non-Proliferation	2
Nonproliferation	2
Norcross	6
Norman	1
North	4
Northeast	4
Northern	5
Northport	1
Norton	19
Nos	2
Notice	2
Notification	3
Nov.	5
November	49
Nsa	1
Nsf	1
Ntia	2
Nuclear	18
Nugent	7
Number	2
Nunes	10
Nunnelee	10
Nutrition	1
Nv	7
Nv)	3
Nw	2
Ny	17
Ny)	1
O.s.b.	1
O'rourke	1
Oakland	2
Oath	22
Obama	1
Oberstar	1
Oce	1
Ocean	5
Oceanic	2
Oceanside	1
Oco	1
Oco/Gwot	1
Ocs	2
Oct.	7
October	71
Offer	4
Office	142
Officer	9
Officers	2
Oh	2
Oh.	1
Oh)	6
Ohio	3
Oil	7
Oklahoma	7
Olson	3
Olympics	1
Omar	1
Ombudsman	1
Op	2
Open	4
Operating	4
Operation	24
Operational	1
Operations	29
Operations/Global	7
Opm	1
Opm.	1
Opportunity	16
Orbital	1
Order	269
Ordering	1
Oregon	4
Organization	4
Organizations	2
Oriental	1
Orlando	2
Orleans	1
Osama	1
Out	2
Outer	2
Outpatient	1
Overseas	4
Oversight	8
P.	5
P.m.	124
Pa	27
Pakistan	4
Palazzo	7
Pallone	24
Palmer	8
Paloma	1
Pan	1
Panel	5
Pardon	1
Parenthood	3
Paris	4
Park	13
Parks	1
Parliamentary	4
Parole	2
Part	329
Partnership	6
Partnerships	2
Pascrell	6
Paso	1
Passenger	8
Pastor	2
Pat	1
Pates	1
Patient	23
Patrick	99
Patrol	2
Paul	5
Paulsen	2
Pay	3
Pay-as-you-Go	2
Payment	4
Peace	2
Pearce	8
Peck	1
Pelosi	10
Pending	1
Pennsylvania	9
Pequot	2
Performance	12
Performing	2
Perkins	1
Perlmutter	4
Permanent	9
Permitting	3
Perry	21
Personnel	2
Perspective	1
Pete	2
Peter	2
Peters	28
Peterson	2
Petri	1
Pfc	2
Phd.	1
Philadephia	1
Phoenix	1
Phyllis	1
Pictorial	1
Pierson	1
Pinckney	2
Pingree	4
Pinson	1
Pioneer	1
Pipe	2
Pipeline	8
Pittenger	8
Pitts	10
Pittsburgh	1
Pius	1
Place	1
Plan	11
Planned	3
Planning	5
Plaskett	7
Plaza	1
Pledge	151
Plus	1
Pocan	14
Poe	45
Point	3
Police	6
Policy	17
Policymaking	1
Poliquin	9
Polis	74
Polluting	1
Pollution	8
Pompeo	7
Poole	2
Pope	3
Port	2
Porter	3
Posey	15
Positive	1
Post	17
Postal	17
Potential	2
Pow/Mia	1
Powell	2
Power	2
Powers	1
Ppv	1
Prairie	2
Praise	1
Preble	1
Precheck	1
Predators	1
Preferences	3
Preparedness	1
Presbyterian	3
Present	1
Presentation	1
Preservation	4
President	75
Preventing	1
Prevention	5
Price	15
Price(Nc	6
Prime	6
Principles	1
Print	9
Printing	1
Priority	1
Prison	5
Privacy	1
Private	1
Privilege	3
Procedure	21
Procedures	4
Process	1
Procurement	6
Products	1
Progams	1
Program	45
Programme	1
Programs	25
Programs--Office	1
Progressive	1
Project	4
Projects	4
Promoted	1
Proposed	2
Prosecution	1
Protect	1
Protecting	4
Protection	65
Providence	3
Providing	88
Ptsd	1
Pub	2
Public	21
Publications	1
Pueblos	1
Pursuant	1197
Purusant	1
Qualified	1
Quality	4
Quigley	13
Quorum	2
R.	7
R&d	1
Rabbi	2
Rabbitsfoot	1
Race	1
Radewagen	8
Rafael	1
Rafferty	1
Raiders	1
Rail	3
Railroad	15
Rainey	1
Ralph	2
Ramos	1
Ranch	1
Rancheria	1
Randalls	1
Randy	8
Range-Wide	1
Rangel	1
Ranking	1
Rape	1
Rapid	1
Ratcliffe	14
Raul	1
Ray	3
Rayed	1
Rdte	1
Reading	1
Reagan	1
Real	4
Realignment	1
Reauthorization	1
Reclamation	6
Recognition	1
Reconciliation	2
Reconsider	1
Reconstructed	4
Record	43
Recorded	1
Records	7
Recovery	2
Recreation	1
Red	1
Reduction	3
Reed	4
Reef	1
Reems	1
Reeves	1
Reform	16
Reformation	1
Refuge	6
Reg	3
Regarding	1
Region	1
Regional	2
Register	6
Regulation	2
Regulations	9
Regulatory	11
Reichert	13
Reitz	2
Related	3
Relations	6
Reliability	2
Religious	1
Renewable	11
Rental	1
Reorganization	1
Rep.	10
Reply	1
Report	403
Reporting	2
Reprentatives	1
Representative	12
Representative-Elect	3
Representatives	182
Representatives-Elect	1
Reproductive	2
Rept	9
Republic	25
Republican	4
Request	2
Required	1
Res	1563
Research	33
Reserve	13
Resident	2
Residential	3
Resolution	29
Resolve	1
Resources	19
Response	1
Responsibility	1
Restoration	7
Retaliation	2
Retirement	5
Rev.	96
Revenue	58
Reverend	48
Review	4
Reviews	1
Revised	1
Revisions	1
Revitalization	2
Revolving	2
Rhode	3
Ribble	11
Rice	13
Richard	3
Richmond	5
Rick	3
Rider	1
Ridge	2
Ridgeland	1
Ridley	2
Riffle	1
Right	1
Rights	9
Riordan	1
Ripp	2
Rises	1
Risk	3
Ritacco	1
Ritacoo	1
River	5
Road	4
Roanoke	1
Rob	4
Robert	9
Roberta	1
Robfogel	1
Robinette	1
Roby	4
Rochester	2
Rockford	1
Rockingham	2
Rod	1
Rodgers	4
Rodney	14
Roe	9
Rogers	17
Rohrabacher	18
Rokita	11
Roll	78
Roman	2
Romero	1
Ronald	1
Room	1
Rooney	15
Ros-Lehtinen	12
Roseburg	1
Roskam	4
Rothfus	28
Route	1
Rouzer	8
Roybal-Allard	6
Royce	23
Royel	1
Rsource	1
Rts	1
Rubenstein	1
Rudolph	2
Ruiz	7
Rul	1
Rule	253
Rules	167
Run	1
Runaway	1
Ruppersberger	1
Rush	7
Russell	8
Russia	1
Russian	2
Ryan	40
Ryan(Wi	2
s	3
s-1	2
S.	214
S.j.	23
Sablan	13
Sacred	1
Safe	3
Safety	15
Sage-Grouse	1
Sai	1
Salaries	6
Salem	1
Salida	1
Salmon	10
Sam	5
Samaritan	2
Samoa	3
San	5
Sanchez	6
Sánchez	1
Sander	1
Sandvoss	1
Sandy	1
Sanford	13
Sarah	1
Satpathy	1
Saunders	1
Savchenko	1
Sba	5
Sc	1
Sc.	1
Scalise	1
Scenic	1
Schakowsky	12
Schedule	11
Schiff	21
Schock	9
Scholarship	6
Scholarships	4
School	1
Schrader	5
Schultz	3
Schweikert	16
Science	25
Scientific	3
Scott	31
Se	1
Sea	1
Sean	2
Seattle	1
Seaway	1
Sec	2
Sec.	4
Secondary	3
Secret	2
Secretarial	1
Secretaries	1
Secretary	218
Secs	1
Section	11
Securities	15
Security	137
See	2
Select	22
Self-Determination	2
Selma	2
Selnick	1
Senate	504
Senator	1
Senior	1
Sensenbrenner	5
Sept.	2
September	103
Sequestration	1
Sergeant	4
Serrano	1
Serve	1
Service	61
Service--Wildland	1
Servicemembers	1
Services	37
Serving	3
Session	6
Sessions	11
Settlement	4
Sewell	14
Sexual	2
Seychelles	2
Sgt	3
Shakil	1
Shane	1
Sharing	1
Sharon	1
Shea	1
Shea-Porter	1
Sheepnose	1
Sheikh	2
Shelf	2
Sherman	3
Shimkus	9
Shinzo	3
Shri	1
Shuster	23
Siegel	1
Sierra	1
Significant	2
Silence	26
Simpson	20
Sina	1
Sinema	11
Sires	1
Sisk	1
Sister	2
Site	2
Size	1
Sj	1
Sj,	1
Skaggs	2
Sky	1
Skyline	1
Slaughter	12
Small	13
Smart	1
Smith	64
Smith(	1
Smithsonian	8
Snap.	1
Snuffbox	1
Soap	1
Social	20
Soldiers	2
Solis	1
Sonoran	1
Sound	1
South	7
Southern	1
Southwest	1
Spaccarelli	1
Space	9
Speaker	924
Speaker-Elect	12
Special	253
Specialist	1
Species	7
Speech	1
Speeches	348
Speier	11
Spence	1
Spill	3
Spread	1
Springboro	1
Springfield	1
Springs	3
Srebrenica	1
Ss.	1
St	12
Staff	7
Standard	4
Standards	22
Standing	1
Start	3
State	105
State-Designed	1
Statement	3
States	276
States-China	1
Statewide	1
Station	5
Stationary	5
Statistical	1
Statistics	1
Statutory	2
Steering	1
Stefanik	5
Stem	6
Stephen	1
Steve	9
Steven	5
Stevenson-Wydler	1
Stewart	2
Stimulate	1
Stivers	7
Stoeger	1
Stopping	1
Storm	1
Strategic	2
Strategy	3
Street	15
Striped	1
Student	1
Studies	2
Study	2
Stutzman	3
Subpart	1
Subsequently	1
Substances	5
Subtitle	2
Success	1
Sudan	1
Sullivan	1
Sunday	2
Superfund	1
Superior	6
Superstorm	1
Supplemental	4
Supplementary	1
Supply	1
Supporting	1
Surface	1
Survey	1
Susan	2
Susanville	1
Sustainment	1
Swalwell	18
Swingley	2
Synagogue	1
Syria	5
System	38
Systems	4
Systems--Salaries	1
T.	6
Tabling	1
Tacoma	1
Taiwan	2
Takai	10
Takano	16
Tank	1
Task	1
Tax	2
Taxation	4
Taxpayers	1
Taylor	1
Technical	3
Technology	23
Ted	9
Telecommunications	2
Teller	1
Temple	1
Tempore	3
Tennessee	4
Territories	1
Terrorism	11
Terrorist	6
Terry	1
Test	6
Texas	15
Therapeutic	1
Thomas	7
Thompson	34
Thompson(	2
Thornberry	46
Threat	3
Thursday	16
Tiberi	7
Tibetan	2
Tierian	2
Tifia	1
Tim	2
Timothy	2
Tipton	11
Title	10
Titus	11
Tn	2
Tn.	1
Tn)	11
Tobacco	1
Toby	1
Today	1
Todd	2
Tokyo	1
Tom	23
Tonko	15
Tony	1
Torch	1
Torres	1
Tortoise	1
Tourism	1
Town	1
Toxic	2
Tracked	1
Tracts	2
Trade	4
Trading	5
Traffic	5
Trafficking	1
Trail	1
Trails	1
Train	4
Training	3
Trains	1
Transcanada	2
Transit	4
Transportation	48
Travel	4
Treasury	7
Treatment	2
Treaty	4
Trent	4
Tribal	6
Tribe	2
Tricare	10
Trieber	1
Trinity	3
Trott	1
Truman	3
Trust	15
Trustees	7
Truth	12
Tsongas	15
Tucker	1
Tucson	1
Tuesday	16
Tuna	1
Tupelo	1
Turnaround	2
Turner	6
Tx	83
Type	1
U.s.	153
U.s.-China	1
U.s.c.	48
Ukraine	6
Umpqua	1
Unanimous	3
Unfinished	119
Unfinsihed	1
Uniforms	1
Union	220
Unique	1
United	274
Universities	1
Unmanned	1
Upcoming	1
Update	1
Upton	22
Urban	17
Uruguay	1
Us	4
Usc	1
Usda.	1
Usdot	1
Use	2
Used	1
Ut)	11
Utah	1
Utc	1
Utility	7
v	1
V.	1
Va	18
Valadao	3
Valentine	1
Valhalla	1
Validation	1
Valley	2
Valuation	2
Value	2
Van	16
Vanderbush	1
Veasey	3
Vegas	1
Vehicles	2
Velazquez	1
Venezuela	1
Vern	1
Veteran	1
Veterans	95
Veto	2
Vha	3
Vi	1
Vianney	1
Vice	1
Vice-Chairman	1
Victims	2
Victory	1
Vienna	3
Vietnam	1
Vii	4
Viii	55
Violence	5
Virginia	13
Visa	2
Visclosky	6
Vision	1
Visitor	10
Visitors	19
Voice	1
Vote	7
Voting	5
W.	14
Wa	1
Wage	1
Waiver	2
Walberg	25
Walden	8
Waldwick	1
Walker	12
Wall	5
Wallace	1
Walnut	1
Walorski	16
Walter	1
Walters	1
Walton	2
Walz	1
War	11
Waring	1
Washington	27
Wasserman	3
Waste	4
Water	19
Waters	23
Watershed	1
Waties	1
Watson	3
Ways	20
Weapons	4
Weatherization	1
Weber	3
Webster	3
Wednesday	8
Weidner	1
Weis	1
Welch	3
Wenjian	1
Wenstrup	7
Wesleyan	1
West	1
Western	1
Westmoreland	13
Weston	2
Whip	2
White	6
Whitesburg	1
Whitfield	3
Whole	265
Wilderness	1
Wildland	3
Wildlife	9
Wilker	1
will	2
William	6
Williams	3
Williamsburg	1
Wills	1
Wilson	35
Wind	1
Windsor	1
Windstorm	2
Wisconsin	2
Wittman	5
Wmata	1
Wolff	1
Womack	13
Women	7
Womens	1
Wood	1
Woodall	34
Woods	1
Workforce	7
Working	5
Works	1
World	3
Worship	1
Wortzel	1
Wright	3
Wv	2
x	6
Xavier	2
Xiii	3
Xix	3
Xl	5
Xv	2
Xviii	55
Xx	93
Xxxi	1
Xxxiv	1
Yadkinville	1
Yarmuth	1
Yeas	367
Yemen	1
Yoder	7
Yoho	22
York	11
Young	26
Young(Ia	1
Youth	1
Yukon	1
Zachary	2
Zeldin	8
Zimbabwe	1
Zinke	4
Zolfo	1
